Symbol,Name,Last Sale,Net Change,% Change,Market Cap,Country,IPO Year,Volume,Sector,Industry
A,Agilent Technologies Inc. Common Stock,$138.34,3.85,2.863%,40929282776.00,United States,1999,2579848,Industrials,Electrical Products
ABB,ABB Ltd Common Stock,$34.30,0.65,1.932%,63969500000.00,Switzerland,,1420347,Energy,Electrical Products
ABBV,AbbVie Inc. Common Stock,$159.37,1.45,0.918%,281989273378.00,United States,2012,4956646,Health Care,Other Pharmaceuticals
ABC,AmerisourceBergen Corporation Common Stock,$160.11,0.77,0.483%,32383558481.00,United States,,1310316,Health Care,Other Pharmaceuticals
ABEV,Ambev S.A. American Depositary Shares (Each representing 1 Common Share),$2.82,-0.05,-1.742%,44391691829.00,,2013,27607736,Consumer Staples,Beverages (Production/Distribution)
ABT,Abbott Laboratories Common Stock,$101.26,2.18,2.20%,175984435554.00,United States,,6442401,Health Care,Medical/Dental Instruments
ACI,Albertsons Companies Inc. Class A Common Stock,$20.78,0.28,1.366%,11132209234.00,United States,2020,2834677,Consumer Staples,Food Chains
ACM,AECOM Common Stock,$84.32,0.78,0.934%,11716286092.00,United States,2007,889340,Consumer Discretionary,Military/Government/Technical
ACN,Accenture plc Class A Ordinary Shares (Ireland),$285.81,3.15,1.114%,179986029985.00,Ireland,2001,3009341,Technology,EDP Services
ADM,Archer-Daniels-Midland Company Common Stock,$79.66,0.19,0.239%,43654371449.00,United States,,3415299,,
AEE,Ameren Corporation Common Stock,$86.39,-0.06,-0.069%,22634180000.00,United States,,1251682,Utilities,Power Generation
AEM,Agnico Eagle Mines Limited Common Stock,$50.97,-0.42,-0.817%,23266036137.00,Canada,,3691656,,
AER,AerCap Holdings N.V. Ordinary Shares,$56.23,0.86,1.553%,13825806309.00,Netherlands,2006,1597303,Consumer Discretionary,Diversified Commercial Services
AES,The AES Corporation Common Stock,$24.08,0.51,2.164%,16084230654.00,United States,,4310972,Utilities,Electric Utilities: Central
AFG,American Financial Group Inc. Common Stock,$121.50,1.78,1.487%,10352286000.00,United States,,396054,Finance,Property-Casualty Insurers
AFL,AFLAC Incorporated Common Stock,$64.52,0.23,0.358%,39696317120.00,United States,,2709789,Finance,Accident &Health Insurance
AGCO,AGCO Corporation Common Stock,$135.20,2.10,1.578%,10085660010.00,United States,,699205,Industrials,Industrial Machinery/Components
AGR,Avangrid Inc. Common Stock,$39.88,0.15,0.378%,15418574332.00,United States,2015,885594,Utilities,Electric Utilities: Central
AIG,American International Group Inc. New Common Stock,$50.36,0.54,1.084%,43386435964.00,United States,,5071565,Finance,Life Insurance
AJG,Arthur J. Gallagher & Co. Common Stock,$191.31,1.64,0.865%,40575703140.00,United States,,935645,Finance,Specialty Insurers
ALB,Albemarle Corporation Common Stock,$221.04,-1.40,-0.629%,25905440836.00,United States,,1835100,Industrials,Industrial Specialties
ALC,Alcon Inc. Ordinary Shares,$70.54,-0.26,-0.367%,34684518000.00,Switzerland,2019,2263861,Health Care,Ophthalmic Goods
ALL,Allstate Corporation (The) Common Stock,$110.81,1.72,1.577%,29179564057.00,United States,,1901102,Finance,Property-Casualty Insurers
AMCR,Amcor plc Ordinary Shares,$11.38,0.24,2.154%,16908176036.00,,2019,6976843,Industrials,Containers/Packaging
AME,AMETEK Inc.,$145.33,2.50,1.75%,33375673516.00,United States,,1159740,Consumer Discretionary,Metal Fabrications
AMH,American Homes 4 Rent Common Shares of Beneficial Interest,$31.45,0.57,1.846%,11115830626.00,,2013,1910882,Real Estate,Real Estate Investment Trusts
AMP,Ameriprise Financial Inc. Common Stock,$306.50,5.87,1.953%,32274450000.00,United States,,511781,Finance,Investment Managers
AMT,American Tower Corporation (REIT) Common Stock,$204.34,3.16,1.571%,95141848917.00,United States,,2558007,Real Estate,Real Estate Investment Trusts
AMX,America Movil S.A.B. de C.V. American Depositary Shares (each representing the right to receive twenty (20) Series B Shares,$21.05,-0.33,-1.543%,66582202500.00,Mexico,2023,909354,Telecommunications,Telecommunications Equipment
ANET,Arista Networks Inc. Common Stock,$167.86,5.37,3.305%,51431529158.00,,2014,3030372,Technology,Computer peripheral equipment
AON,Aon plc Class A Ordinary Shares (Ireland),$315.29,2.29,0.732%,64679340675.00,United States,,606671,Finance,Specialty Insurers
AOS,A.O. Smith Corporation Common Stock,$69.15,1.25,1.841%,10433303111.00,United States,,973058,Industrials,Industrial Machinery/Components
APD,Air Products and Chemicals Inc. Common Stock,$287.21,7.49,2.678%,63784415636.00,United States,,1487353,Industrials,Specialty Chemicals
APH,Amphenol Corporation Common Stock,$81.72,1.06,1.314%,48591080884.00,United States,,2673659,Technology,Electrical Products
APO,Apollo Global Management Inc. (New) Common Stock,$63.16,1.71,2.783%,36018644034.00,,,2414389,Finance,Investment Managers
APTV,Aptiv PLC Ordinary Shares,$112.19,2.29,2.084%,30397833268.00,United Kingdom,2011,2585026,Consumer Discretionary,Auto Parts:O.E.M.
ARE,Alexandria Real Estate Equities Inc. Common Stock,$125.59,1.61,1.299%,21738007256.00,United States,,1307228,Real Estate,Real Estate Investment Trusts
ARES,Ares Management Corporation Class A Common Stock,$83.44,2.12,2.607%,14761369148.00,,2014,652103,Finance,Investment Managers
ASX,ASE Technology Holding Co. Ltd. American Depositary Shares (each representing Two Common Shares) ,$7.97,0.03,0.378%,17098644313.00,,2018,3875900,Technology,Semiconductors
ATO,Atmos Energy Corporation Common Stock,$112.36,0.42,0.375%,16085740747.00,United States,,1245457,Utilities,Oil/Gas Transmission
AU,AngloGold Ashanti Limited Common Stock,$24.19,0.04,0.166%,10120782232.00,South Africa,,2959073,Basic Materials,Precious Metals
AVB,AvalonBay Communities Inc. Common Stock,$168.06,4.80,2.94%,23511148809.00,United States,,1381412,Real Estate,Real Estate Investment Trusts
AVTR,Avantor Inc. Common Stock,$21.14,-0.12,-0.564%,14257735717.00,,2019,10060662,Industrials,Industrial Specialties
AVY,Avery Dennison Corporation Common Stock,$178.93,4.77,2.739%,14487785675.00,United States,,420760,Industrials,Containers/Packaging
AWK,American Water Works Company Inc. Common Stock,$146.49,0.60,0.411%,26640469097.00,United States,2008,1060653,Utilities,Water Supply
AXP,American Express Company Common Stock,$164.95,2.54,1.564%,122754586195.00,United States,,3594013,Finance,Finance: Consumer Services
AZO,AutoZone Inc. Common Stock,$2458.15,51.96,2.159%,46128834169.00,United States,,186680,,
BA,Boeing Company (The) Common Stock,$212.43,1.39,0.659%,127084035042.00,United States,,5142769,Industrials,Aerospace
BABA,Alibaba Group Holding Limited American Depositary Shares each representing eight Ordinary share,$102.18,-1.20,-1.161%,270525197417.00,China,2014,28354801,Consumer Discretionary,Business Services
BAC,Bank of America Corporation Common Stock,$28.60,0.30,1.06%,228707849170.00,United States,,56414969,Finance,Major Banks
BAH,Booz Allen Hamilton Holding Corporation Common Stock,$92.69,0.95,1.036%,12260650668.00,United States,2010,926681,Consumer Discretionary,Professional Services
BALL,Ball Corporation Common Stock,$55.11,0.83,1.529%,17300139467.00,United States,,1101887,Industrials,Containers/Packaging
BAM,Brookfield Asset Management Inc Class A Limited Voting Shares,$32.72,0.69,2.154%,13487248786.00,Canada,2022,1645535,,
BAP,Credicorp Ltd. Common Stock,$132.39,0.27,0.204%,10529373870.00,Peru,,587916,Finance,Major Banks
BAX,Baxter International Inc. Common Stock,$40.56,0.25,0.62%,20469503053.00,United States,,4620145,Health Care,Medical/Dental Instruments
BBD,Banco Bradesco Sa American Depositary Shares,$2.62,-0.01,-0.38%,27882485997.00,Brazil,,33512871,Finance,Commercial Banks
BBDO,Banco Bradesco Sa American Depositary Shares (each representing one Common Share),$2.36,0.02,0.855%,25115521738.00,Brazil,,23995,Finance,Commercial Banks
BBVA,Banco Bilbao Vizcaya Argentaria S.A. Common Stock,$7.05,-0.09,-1.261%,42477071776.00,Spain,,1664889,Finance,Commercial Banks
BBY,Best Buy Co. Inc. Common Stock,$78.27,2.95,3.917%,17318368815.00,United States,,2621499,Consumer Discretionary,Consumer Electronics/Video Chains
BCE,BCE Inc. Common Stock,$44.79,-0.27,-0.599%,40848480000.00,Canada,,1750340,,
BCS,Barclays PLC Common Stock,$7.19,0.10,1.41%,28538179225.00,United Kingdom,,10106346,Finance,Commercial Banks
BDX,Becton Dickinson and Company Common Stock,$247.54,2.37,0.967%,70277012461.00,United States,,1107476,Health Care,Medical/Dental Instruments
BEKE,KE Holdings Inc American Depositary Shares (each representing three Class A Ordinary Shares),$18.84,0.02,0.106%,23554112244.00,China,2020,4461428,Finance,Real Estate
BEN,Franklin Resources Inc. Common Stock,$26.94,0.68,2.589%,13479640398.00,United States,,2742938,Finance,Investment Managers
BG,Bunge Limited Bunge Limited,$95.52,0.18,0.189%,14308911570.00,United States,2001,1290326,Consumer Staples,Farming/Seeds/Milling
BHP,BHP Group Limited American Depositary Shares (Each representing two Ordinary Shares),$63.41,0.52,0.827%,160467633326.00,Australia,,2488736,Basic Materials,Metal Mining
BIO,Bio-Rad Laboratories Inc. Class A Common Stock,$479.02,7.24,1.535%,14176937483.00,United States,1980,142969,Industrials,Biotechnology: Laboratory Analytical Instruments
BIP,Brookfield Infrastructure Partners LP Limited Partnership Units,$33.77,0.61,1.84%,15476222178.00,Bermuda,,335336,Consumer Discretionary,Marine Transportation
BJ,BJ's Wholesale Club Holdings Inc. Common Stock,$76.07,1.33,1.78%,10226414843.00,United States,2018,1073529,Consumer Discretionary,Department/Specialty Retail Stores
BK,The Bank of New York Mellon Corporation Common Stock,$45.44,0.54,1.203%,36735740800.00,United States,,5195613,Finance,Investment Managers
BLDR,Builders FirstSource Inc. Common Stock,$88.78,2.53,2.933%,13066259001.00,United States,2005,1485421,Consumer Discretionary,RETAIL: Building Materials
BLK,BlackRock Inc. Common Stock,$669.12,8.08,1.222%,100205063927.00,United States,1999,516330,Finance,Investment Bankers/Brokers/Service
BMO,Bank Of Montreal Common Stock,$89.11,0.79,0.894%,62670970771.00,Canada,,580391,,
BMY,Bristol-Myers Squibb Company Common Stock,$69.31,1.11,1.628%,145466163035.00,United States,,8950615,Health Care,Biotechnology: Pharmaceutical Preparations
BN,Brookfield Corporation Class A Limited Voting Shares,$32.59,0.96,3.035%,66031464167.00,Canada,1925,2724594,Consumer Discretionary,Other Consumer Services
BNS,Bank Nova Scotia Halifax Pfd 3 Ordinary Shares,$50.36,0.25,0.499%,59997695360.00,Canada,,1272881,,
BP,BP p.l.c. Common Stock,$37.94,-0.04,-0.105%,113948067570.00,United Kingdom,,6858061,Energy,Integrated oil Companies
BR,Broadridge Financial Solutions Inc. Common Stock,$146.57,1.46,1.006%,17250265355.00,United States,,578550,Consumer Discretionary,Business Services
BRK/A,Berkshire Hathaway Inc.,$465600.00,3820.00,0.827%,684838934400.00,United States,,4392,,
BRK/B,Berkshire Hathaway Inc.,$308.77,3.69,1.21%,681242762024.00,United States,,5020059,,
BRO,Brown & Brown Inc. Common Stock,$57.42,0.80,1.413%,16261344000.00,United States,,852585,Finance,Specialty Insurers
BSBR,Banco Santander Brasil SA American Depositary Shares each representing one unit,$5.31,0.01,0.189%,39571561559.00,Brazil,2009,774559,Finance,Commercial Banks
BSX,Boston Scientific Corporation Common Stock,$50.03,0.43,0.867%,71658533438.00,United States,,11585713,Health Care,Medical/Dental Instruments
BTI,British American Tobacco  Industries p.l.c. Common Stock ADR,$35.12,-0.17,-0.482%,78524641040.00,United Kingdom,1998,6402859,Health Care, Medicinal Chemicals and Botanical Products 
BUD,Anheuser-Busch Inbev SA Sponsored ADR (Belgium),$66.73,0.34,0.512%,132311379580.00,Belgium,,1393525,Consumer Staples,Beverages (Production/Distribution)
BURL,Burlington Stores Inc. Common Stock,$202.10,7.52,3.865%,13175155061.00,,2013,1403235,Consumer Discretionary,Apparel
BWA,BorgWarner Inc. Common Stock,$49.11,0.90,1.867%,11498163686.00,United States,,1393630,Consumer Discretionary,Auto Parts:O.E.M.
BX,Blackstone Inc. Common Stock,$87.84,2.09,2.437%,65234706103.00,United States,2007,3537881,Finance,Investment Managers
C,Citigroup Inc. Common Stock,$46.89,0.82,1.78%,90819030793.00,United States,,16004577,Finance,Major Banks
CAG,ConAgra Brands Inc. Common Stock,$37.56,0.17,0.455%,17901941138.00,United States,,4440683,Consumer Staples,Packaged Foods
CAH,Cardinal Health Inc. Common Stock,$75.50,0.15,0.199%,19451748955.00,United States,,2318331,Health Care,Other Pharmaceuticals
CARR,Carrier Global Corporation Common Stock ,$45.75,0.66,1.464%,38164098347.00,,2020,4795795,Consumer Discretionary,Wholesale Distributors
CAT,Caterpillar Inc. Common Stock,$228.84,4.30,1.915%,118160501932.00,United States,,2746705,Industrials,Construction/Ag Equipment/Trucks
CB,Chubb Limited  Common Stock,$194.18,0.76,0.393%,80506029138.00,Switzerland,,1989195,Finance,Property-Casualty Insurers
CBRE,CBRE Group Inc Common Stock Class A,$72.81,1.97,2.781%,23004213052.00,United States,,2347998,Finance,Real Estate
CCI,Crown Castle Inc. Common Stock,$133.84,1.31,0.988%,57959144454.00,United States,,2379792,Real Estate,Real Estate Investment Trusts
CCJ,Cameco Corporation Common Stock,$26.17,-0.07,-0.267%,11324229537.00,Canada,1996,4032301,,
CCL,Carnival Corporation Common Stock,$10.15,-0.01,-0.098%,13191098442.00,United States,1987,37243427,,
CDAY,Ceridian HCM Holding Inc. Common Stock,$73.22,3.07,4.376%,11265383547.00,United States,2018,1743960,Technology,EDP Services
CE,Celanese Corporation Celanese Corporation Common Stock,$108.89,2.50,2.35%,11806732651.00,United States,2005,720423,Industrials,Major Chemicals
CF,CF Industries Holdings Inc. Common Stock,$72.49,0.61,0.849%,14179044000.00,United States,2005,2595409,Industrials,Agricultural Chemicals
CFG,Citizens Financial Group Inc. Common Stock,$30.37,-0.40,-1.30%,14702313190.00,United States,2014,11001429,Finance,Major Banks
CHD,Church & Dwight Company Inc. Common Stock,$88.41,1.57,1.808%,21575638729.00,United States,,1362780,Consumer Discretionary,Package Goods/Cosmetics
CHT,Chunghwa Telecom Co. Ltd.,$39.10,-0.11,-0.281%,30331617770.00,Taiwan,,91699,Telecommunications,Telecommunications Equipment
CHWY,Chewy Inc. Class A Common Stock,$37.38,0.50,1.356%,15824764201.00,,2019,4223558,Consumer Discretionary,Catalog/Specialty Distribution
CI,The Cigna Group Common Stock,$255.53,1.44,0.567%,75911830280.00,United States,,1876144,Health Care,Medical Specialities
CL,Colgate-Palmolive Company Common Stock,$75.15,-0.10,-0.133%,62402966069.00,United States,,5153558,Consumer Discretionary,Package Goods/Cosmetics
CLX,Clorox Company (The) Common Stock,$158.24,3.80,2.461%,19546584607.00,United States,,1052655,Consumer Discretionary,Specialty Chemicals
CM,Canadian Imperial Bank of Commerce Common Stock,$42.42,0.40,0.952%,38438875789.00,Canada,,868705,,
CMG,Chipotle Mexican Grill Inc. Common Stock,$1708.29,36.12,2.16%,47186125012.00,United States,2006,285996,Consumer Discretionary,Restaurants
CMI,Cummins Inc. Common Stock,$238.88,4.79,2.046%,33771721153.00,United States,,1158351,Industrials,Construction/Ag Equipment/Trucks
CMS,CMS Energy Corporation Common Stock,$61.38,0.19,0.311%,17877796289.00,United States,,1500580,Utilities,Power Generation
CNA,CNA Financial Corporation Common Stock,$39.03,0.32,0.827%,10573298386.00,United States,,184787,Finance,Property-Casualty Insurers
CNC,Centene Corporation Common Stock,$63.21,-0.92,-1.435%,34813160340.00,United States,,5973169,Health Care,Medical Specialities
CNHI,CNH Industrial N.V. Common Shares,$15.27,0.01,0.066%,20515371008.00,,2013,3943619,Industrials,Construction/Ag Equipment/Trucks
CNI,Canadian National Railway Company Common Stock,$117.97,1.67,1.436%,79325665101.00,Canada,,749064,,
CNP,CenterPoint Energy Inc (Holding Co) Common Stock,$29.46,0.12,0.409%,18553575809.00,United States,,3914726,Utilities,Electric Utilities: Central
CNQ,Canadian Natural Resources Limited Common Stock,$55.35,0.41,0.746%,61274165850.00,Canada,,1333171,,
COF,Capital One Financial Corporation Common Stock,$96.16,1.98,2.102%,36665808000.00,United States,1994,2533865,Finance,Finance Companies
COO,The Cooper Companies Inc. Common Stock,$373.36,5.89,1.603%,18453444942.00,United States,,374599,Health Care,Ophthalmic Goods
COP,ConocoPhillips Common Stock,$99.21,-0.04,-0.04%,120914815970.00,United States,,7708280,Energy,Integrated oil Companies
COTY,Coty Inc. Class A Common Stock,$12.06,0.11,0.921%,10282305601.00,United States,2013,3772800,Consumer Discretionary,Package Goods/Cosmetics
CP,Canadian Pacific Railway Limited Common Stock,$76.94,1.01,1.33%,71592670000.00,Canada,,2818599,,
CPB,Campbell Soup Company Common Stock,$54.98,0.58,1.066%,16464726669.00,United States,,1979695,Consumer Staples,Packaged Foods
CPNG,Coupang Inc. Class A Common Stock,$16.00,0.30,1.911%,28324771648.00,,2021,9685627,Consumer Discretionary,Durable Goods
CPT,Camden Property Trust Common Stock,$104.84,1.63,1.579%,11378914240.00,United States,1993,902137,Real Estate,Real Estate Investment Trusts
CRBG,Corebridge Financial Inc. Common Stock,$16.02,0.11,0.691%,10332900000.00,,2022,3547330,Finance,Finance Companies
CRH,CRH PLC American Depositary Shares,$50.87,0.79,1.577%,37842822872.00,Ireland,,463257,Industrials,Building Materials
CRL,Charles River Laboratories International Inc. Common Stock,$201.82,3.79,1.914%,10268330354.00,United States,2000,465658,Consumer Discretionary,EDP Services
CRM,Salesforce Inc. Common Stock,$199.78,3.18,1.617%,199780000000.00,United States,2004,6633296,Technology,Computer Software: Prepackaged Software
CSL,Carlisle Companies Incorporated Common Stock,$226.07,1.05,0.467%,11563128509.00,United States,,451206,,
CTLT,Catalent Inc. Common Stock,$65.71,1.04,1.608%,11833745638.00,United States,2014,1069895,Health Care,Biotechnology: Pharmaceutical Preparations
CTRA,Coterra Energy Inc. Common Stock,$24.54,0.50,2.08%,19348988794.00,United States,,7829641,Energy,Oil & Gas Production
CTVA,Corteva Inc. Common Stock ,$60.31,0.36,0.601%,42990355130.00,,2019,2700238,Industrials,Major Chemicals
CUBE,CubeSmart Common Shares,$46.22,0.70,1.538%,10379841987.00,United States,,1821441,Real Estate,Real Estate Investment Trusts
CUK,Carnival Plc ADS ADS,$9.15,0.01,0.109%,11890662690.00,United States,,1725919,,
CVE,Cenovus Energy Inc Common Stock,$17.46,0.13,0.75%,33334463668.00,Canada,,6538349,,
CVS,CVS Health Corporation Common Stock,$74.31,-0.39,-0.522%,95422337975.00,United States,,10490734,Health Care,Managed Health Care
CVX,Chevron Corporation Common Stock,$163.16,0.77,0.474%,315492465165.00,United States,,7039906,Energy,Integrated oil Companies
D,Dominion Energy Inc. Common Stock,$55.91,0.22,0.395%,46695675126.00,United States,,3466567,Utilities,Electric Utilities: Central
DAL,Delta Air Lines Inc. Common Stock,$34.92,0.81,2.375%,22392053833.00,United States,,9169295,Consumer Discretionary,Air Freight/Delivery Services
DASH,DoorDash Inc. Class A Common Stock,$63.56,1.78,2.881%,24675095084.00,,2020,4528526,Industrials,Industrial Machinery/Components
DB,Deutsche Bank AG Common Stock,$10.21,0.17,1.693%,20807980000.00,Germany,,3474964,Finance,Commercial Banks
DD,DuPont de Nemours Inc. Common Stock,$71.77,1.14,1.614%,32894921992.00,,2017,2499273,Consumer Discretionary,Wholesale Distributors
DE,Deere & Company Common Stock,$412.88,9.18,2.274%,122690204456.00,United States,,1778552,Industrials,Industrial Machinery/Components
DECK,Deckers Outdoor Corporation Common Stock,$449.55,1.59,0.355%,11849804434.00,United States,1993,487978,Consumer Discretionary,Shoe Manufacturing
DELL,Dell Technologies Inc. Class C Common Stock ,$40.21,0.35,0.878%,28795518782.00,,2018,3915748,Technology,Computer Manufacturing
DEO,Diageo plc Common Stock,$181.18,0.55,0.304%,102478847883.00,United Kingdom,,364583,Consumer Staples,Beverages (Production/Distribution)
DFS,Discover Financial Services Common Stock,$98.84,0.72,0.734%,26390280000.00,United States,,2262431,Finance,Finance: Consumer Services
DG,Dollar General Corporation Common Stock,$210.46,2.77,1.334%,47053552198.00,United States,2009,2197953,Consumer Discretionary,Department/Specialty Retail Stores
DGX,Quest Diagnostics Incorporated Common Stock,$141.48,2.19,1.572%,15704280000.00,United States,,919140,Health Care,Medical Specialities
DHI,D.R. Horton Inc. Common Stock,$97.69,2.46,2.583%,33546096264.00,United States,,5522821,,
DHR,Danaher Corporation Common Stock,$252.04,2.24,0.897%,183560732000.00,United States,,2754731,Health Care,Medical Specialities
DIS,Walt Disney Company (The) Common Stock,$100.13,2.03,2.069%,182918207640.00,United States,,8910821,Consumer Discretionary,Movies/Entertainment
DKS,Dick's Sporting Goods Inc Common Stock,$141.89,4.78,3.486%,11835257167.00,United States,2002,1690089,Consumer Discretionary,Other Specialty Stores
DLR,Digital Realty Trust Inc. Common Stock,$98.31,4.84,5.178%,28622781705.00,United States,2004,3934627,Real Estate,Real Estate Investment Trusts
DOV,Dover Corporation Common Stock,$151.94,3.79,2.558%,21228023608.00,United States,,1229429,Industrials,Industrial Machinery/Components
DOW,Dow Inc. Common Stock ,$54.82,0.82,1.519%,38641517214.00,,2019,4406932,Industrials,Industrial Specialties
DPZ,Domino's Pizza Inc Common Stock,$329.87,2.22,0.678%,11677193151.00,United States,2004,1087043,Consumer Discretionary,Food Distributors
DRI,Darden Restaurants Inc. Common Stock,$155.16,1.28,0.832%,18883793727.00,United States,,1367405,Consumer Discretionary,Restaurants
DT,Dynatrace Inc. Common Stock,$42.30,1.84,4.548%,12226893763.00,United States,2019,2547965,Technology,EDP Services
DTE,DTE Energy Company Common Stock,$109.54,0.85,0.782%,21222497694.00,United States,,1693520,Utilities,Electric Utilities: Central
DUK,Duke Energy Corporation (Holding Company) Common Stock,$96.47,0.31,0.322%,74287955615.00,United States,,3205232,Utilities,Power Generation
DVN,Devon Energy Corporation Common Stock,$50.61,0.76,1.525%,33098940000.00,United States,1985,7638065,Energy,Oil & Gas Production
E,ENI S.p.A. Common Stock,$28.00,0.05,0.179%,46835461988.00,Italy,,233707,Energy,Oil & Gas Production
EBR,Centrais Electricas Brasileiras S A American Depositary Shares (Each representing one Common Share),$6.63,0.02,0.303%,15227738896.00,,2016,1887772,Utilities,Electric Utilities: Central
EC,Ecopetrol S.A. American Depositary Shares,$10.56,0.17,1.636%,21709614791.00,Colombia,,1739480,Energy,Oil & Gas Production
ECL,Ecolab Inc. Common Stock,$165.53,2.25,1.378%,47147588772.00,United States,,1716252,Consumer Discretionary,Package Goods/Cosmetics
ED,Consolidated Edison Inc. Common Stock,$95.67,0.95,1.003%,33967157159.00,United States,,2099903,Utilities,Power Generation
EFX,Equifax Inc. Common Stock,$202.84,3.15,1.577%,24847900000.00,United States,,790452,Finance,Advertising
EIX,Edison International Common Stock,$70.59,0.59,0.843%,26956533238.00,United States,,1937117,Utilities,Electric Utilities: Central
EL,Estee Lauder Companies Inc. (The) Common Stock,$246.46,-0.26,-0.105%,88040489999.00,United States,1995,1892186,Consumer Discretionary,Package Goods/Cosmetics
ELP,Companhia Paranaense de Energia (COPEL) American Depositary Shares (each representing one Unit consisting one Common Share and four non-voting Class B Preferred Shares),$6.72,0.05,0.75%,18389641200.00,Brazil,2021,248859,Utilities,Electric Utilities: Central
ELS,Equity Lifestyle Properties Inc. Common Stock,$67.13,1.41,2.145%,12494255605.00,United States,,1071520,Real Estate,Real Estate Investment Trusts
ELV,Elevance Health Inc. Common Stock,$459.81,0.89,0.194%,109185459983.00,United States,,1083609,Health Care,Medical Specialities
EMN,Eastman Chemical Company Common Stock,$84.34,1.50,1.811%,10019327763.00,United States,,712721,Industrials,Major Chemicals
EMR,Emerson Electric Company Common Stock,$87.14,1.55,1.811%,49791796000.00,United States,,2674043,Industrials,Industrial Machinery/Components
ENB,Enbridge Inc Common Stock,$38.15,0.07,0.184%,77250238865.00,Canada,,2693174,Energy,Oil & Gas Production
EOG,EOG Resources Inc. Common Stock,$114.63,1.09,0.96%,67332457926.00,United States,,4939786,Energy,Oil & Gas Production
EPAM,EPAM Systems Inc. Common Stock,$299.00,5.31,1.808%,17238845000.00,United States,2012,355055,Technology,EDP Services
EPD,Enterprise Products Partners L.P. Common Stock,$25.90,0.15,0.583%,56347254971.00,United States,,3501462,Utilities,Natural Gas Distribution
EQNR,Equinor ASA,$28.43,-0.01,-0.035%,88695804658.00,Norway,,2307512,Energy,Integrated oil Companies
EQR,Equity Residential Common Shares of Beneficial Interest,$60.00,1.47,2.512%,22716161040.00,United States,,2366774,Real Estate,Real Estate Investment Trusts
EQT,EQT Corporation Common Stock,$31.91,0.62,1.981%,11499091748.00,United States,,5193272,Energy,Oil & Gas Production
ES,Eversource Energy (D/B/A) Common Stock,$78.26,0.15,0.192%,27272312841.00,United States,,1734906,Utilities,Electric Utilities: Central
ESS,Essex Property Trust Inc. Common Stock,$209.14,4.96,2.429%,13511489700.00,United States,1994,597801,Real Estate,Real Estate Investment Trusts
ET,Energy Transfer LP Common Units ,$12.47,0.03,0.241%,38589584187.00,United States,,7374293,Utilities,Natural Gas Distribution
ETN,Eaton Corporation PLC Ordinary Shares,$171.34,2.25,1.331%,68141918000.00,Ireland,,2931544,Industrials,Industrial Machinery/Components
ETR,Entergy Corporation Common Stock,$107.74,0.76,0.71%,22752156110.00,United States,,1014768,Utilities,Electric Utilities: Central
EW,Edwards Lifesciences Corporation Common Stock,$82.73,1.16,1.422%,50325767251.00,United States,,2878736,Health Care,Industrial Specialties
EXR,Extra Space Storage Inc Common Stock,$162.93,4.10,2.581%,21819834557.00,United States,2004,1041508,Real Estate,Real Estate Investment Trusts
F,Ford Motor Company Common Stock,$12.60,0.31,2.522%,50225891449.00,United States,,66818136,Consumer Discretionary,Auto Manufacturing
FCX,Freeport-McMoRan Inc. Common Stock,$40.91,0.71,1.766%,58529678817.00,United States,,11180131,Basic Materials,Metal Mining
FDX,FedEx Corporation Common Stock,$228.49,4.09,1.823%,57670222519.00,United States,,1652878,Consumer Discretionary,Air Freight/Delivery Services
FE,FirstEnergy Corp. Common Stock,$40.06,0.48,1.213%,22924142071.00,United States,,3225673,Utilities,Electric Utilities: Central
FERG,Ferguson plc Ordinary Shares,$133.75,2.23,1.696%,27596800809.00,,2021,1507863,Consumer Discretionary,Industrial Machinery/Components
FICO,Fair Isaac Corproation Common Stock,$702.69,6.29,0.903%,17676010250.00,United States,,364009,Technology,Computer Software: Prepackaged Software
FIS,Fidelity National Information Services Inc. Common Stock,$54.33,2.16,4.14%,32238305844.00,United States,,7492435,Consumer Discretionary,Business Services
FLT,FleetCor Technologies Inc. Common Stock,$210.85,5.29,2.573%,15550685528.00,United States,2010,561598,Technology,EDP Services
FMC,FMC Corporation Common Stock,$122.13,1.04,0.859%,15384218176.00,United States,,516521,Industrials,Agricultural Chemicals
FMS,Fresenius Medical Care AG Common Stock,$21.26,0.16,0.758%,12475939851.00,Germany,,565577,Health Care,Medical/Nursing Services
FMX,Fomento Economico Mexicano S.A.B. de C.V. Common Stock,$95.19,0.15,0.158%,34061135864.00,Mexico,,354754,Consumer Staples,Beverages (Production/Distribution)
FND,Floor & Decor Holdings Inc. Common Stock,$98.22,3.52,3.717%,10422873422.00,,2017,1245803,Consumer Discretionary,RETAIL: Building Materials
FNV,Franco-Nevada Corporation,$145.80,0.01,0.007%,27944708303.00,Canada,,411416,,
FTS,Fortis Inc. Common Shares,$42.53,-0.14,-0.328%,20507966000.00,,2016,567453,Utilities,Electric Utilities: Central
FTV,Fortive Corporation Common Stock ,$68.17,0.83,1.233%,24057193000.00,,2016,2219672,Industrials,Industrial Machinery/Components
GD,General Dynamics Corporation Common Stock,$228.21,1.72,0.759%,62627682623.00,United States,,1323514,Industrials,Aerospace
GDDY,GoDaddy Inc. Class A Common Stock,$77.72,1.42,1.861%,11932038155.00,United States,2015,795856,Technology,EDP Services
GE,General Electric Company Common Stock,$95.60,1.55,1.648%,104135794467.00,United States,,7376133,Consumer Discretionary,Metal Fabrications
GFI,Gold Fields Limited American Depositary Shares,$13.32,-0.18,-1.333%,11871424466.00,South Africa,,7604705,Basic Materials,Precious Metals
GFL,GFL Environmental Inc. Subordinate voting shares no par value,$34.44,0.15,0.437%,11826836274.00,,2020,1141753,,
GGG,Graco Inc. Common Stock,$73.01,1.26,1.756%,12304303385.00,United States,,777182,Industrials,Fluid Controls
GIB,CGI Inc. Common Stock,$96.27,1.25,1.316%,22953095327.00,Canada,,130794,,
GIS,General Mills Inc. Common Stock,$85.46,0.50,0.589%,50388131875.00,United States,,3069533,Consumer Staples,Food Chains
GL,Globe Life Inc. Common Stock,$110.02,0.44,0.402%,10701670595.00,United States,,476557,Finance,Life Insurance
GLW,Corning Incorporated Common Stock,$35.28,0.46,1.321%,29866757528.00,United States,,4261641,Technology,Industrial Machinery/Components
GM,General Motors Company Common Stock,$36.68,0.69,1.917%,51155293450.00,United States,2010,10867120,Consumer Discretionary,Auto Manufacturing
GOLD,Barrick Gold Corporation Common Stock (BC),$18.57,-0.03,-0.161%,32596843205.00,Canada,,15420114,,
GPC,Genuine Parts Company Common Stock,$167.31,2.94,1.789%,23617705301.00,United States,,798998,Consumer Discretionary,Automotive Aftermarket
GPN,Global Payments Inc. Common Stock,$105.24,2.05,1.987%,27694332432.00,United States,,2111186,Consumer Discretionary,Business Services
GRMN,Garmin Ltd. Common Stock (Switzerland),$100.92,2.10,2.125%,19342724118.00,Switzerland,2000,912270,Industrials,Industrial Machinery/Components
GS,Goldman Sachs Group Inc. (The) Common Stock,$327.11,5.97,1.859%,110249459267.00,United States,1999,2279763,Finance,Investment Bankers/Brokers/Service
GSK,GSK plc American Depositary Shares (Each representing two Ordinary Shares),$35.58,0.31,0.879%,72844338556.00,United Kingdom,2022,2799453,Health Care,Biotechnology: Pharmaceutical Preparations
GWW,W.W. Grainger Inc. Common Stock,$688.81,19.54,2.92%,34805061647.00,United States,,305173,Consumer Discretionary,Telecommunications Equipment
H,Hyatt Hotels Corporation Class A Common Stock,$111.79,1.81,1.646%,11974814788.00,United States,2009,590355,Consumer Discretionary,Hotels/Resorts
HAL,Halliburton Company Common Stock,$31.64,0.58,1.867%,28606370943.00,United States,,10559038,Energy,Oil & Gas Production
HCA,HCA Healthcare Inc. Common Stock,$263.68,4.24,1.634%,73030500352.00,United States,2011,1223921,Health Care,Hospital/Nursing Management
HD,Home Depot Inc. (The) Common Stock,$295.12,9.76,3.42%,300782178813.00,United States,,5799680,Consumer Discretionary,RETAIL: Building Materials
HDB,HDFC Bank Limited Common Stock,$66.67,0.59,0.893%,123966451213.00,India,2001,1184359,Finance,Commercial Banks
HEI,Heico Corporation Common Stock,$171.04,1.00,0.588%,23382968196.00,United States,2000,262417,Industrials,Military/Government/Technical
HES,Hess Corporation Common Stock,$132.34,-0.13,-0.098%,40801542390.00,United States,,1364059,Energy,Oil & Gas Production
HIG,Hartford Financial Services Group Inc. (The) Common Stock,$69.69,0.79,1.147%,21959319000.00,United States,,1807115,Finance,Property-Casualty Insurers
HLN,Haleon plc American Depositary Shares (Each representing two Ordinary Shares),$8.14,0.06,0.743%,37584715488.00,,2022,9368767,,
HLT,Hilton Worldwide Holdings Inc. Common Stock ,$140.87,3.41,2.481%,37534905038.00,,2016,1815811,Consumer Discretionary,Hotels/Resorts
HMC,Honda Motor Company Ltd. Common Stock,$26.49,0.27,1.03%,44608110042.00,Japan,,762235,Consumer Discretionary,Auto Manufacturing
HPE,Hewlett Packard Enterprise Company Common Stock,$15.93,0.21,1.336%,20658234834.00,United States,2015,15543238,Telecommunications,Telecommunications Equipment
HPQ,HP Inc. Common Stock,$29.35,0.45,1.557%,28825979113.00,United States,,7652812,Technology,Computer Manufacturing
HRL,Hormel Foods Corporation Common Stock,$39.88,0.64,1.631%,21791396857.00,United States,,3059101,Consumer Staples,Meat/Poultry/Fish
HSBC,HSBC Holdings plc. Common Stock,$34.13,-0.16,-0.467%,136303847884.00,United Kingdom,,1716513,Finance,Savings Institutions
HSY,The Hershey Company Common Stock,$254.41,1.12,0.442%,51908787566.00,United States,,764752,Consumer Staples,Specialty Foods
HUBB,Hubbell Inc Common Stock,$243.31,3.15,1.312%,13041560040.00,United States,2015,338877,Technology,Industrial Machinery/Components
HUBS,HubSpot Inc. Common Stock,$428.75,11.78,2.825%,21176923329.00,United States,2014,636561,Technology,Computer Software: Prepackaged Software
HUM,Humana Inc. Common Stock,$485.46,-2.90,-0.594%,60670296507.00,United States,,1263663,Health Care,Medical Specialities
HWM,Howmet Aerospace Inc. Common Stock,$42.37,0.43,1.025%,17468424609.00,United States,,2712340,Industrials,Military/Government/Technical
IBM,International Business Machines Corporation Common Stock,$131.09,1.87,1.447%,118521924926.00,United States,,4524138,Technology,EDP Services
IBN,ICICI Bank Limited Common Stock,$21.58,0.56,2.664%,75318857115.00,India,,4659180,Finance,Commercial Banks
ICE,Intercontinental Exchange Inc. Common Stock,$104.29,1.56,1.519%,58282596654.00,United States,2005,3192342,Finance,Investment Bankers/Brokers/Service
IEX,IDEX Corporation Common Stock,$231.03,4.07,1.793%,17424538812.00,United States,1989,298644,Industrials,Fluid Controls
IFF,International Flavors & Fragrances Inc. Common Stock,$91.96,1.44,1.591%,23446328786.00,United States,,1447607,Industrials,Major Chemicals
IHG,Intercontinental Hotels Group American Depositary Shares (Each representing one Ordinary Share),$66.60,1.44,2.21%,11681194979.00,United Kingdom,,89175,Consumer Discretionary,Hotels/Resorts
INFY,Infosys Limited American Depositary Shares,$17.44,0.30,1.75%,72701685390.00,India,,8384431,Technology,EDP Services
ING,ING Group N.V. Common Stock,$11.87,0.01,0.084%,43098354184.00,Netherlands,1997,3524018,Finance,Commercial Banks
INVH,Invitation Homes Inc. Common Stock,$31.23,0.53,1.726%,19094377460.00,United States,2017,3084563,Real Estate,Real Estate Investment Trusts
IOT,Samsara Inc. Class A Common Stock,$19.72,0.23,1.18%,10232231624.00,,2021,4927666,Technology,Retail: Computer Software & Peripheral Equipment
IP,International Paper Company Common Stock,$36.06,0.82,2.327%,12624042058.00,United States,,3609028,Industrials,Containers/Packaging
IPG,Interpublic Group of Companies Inc. (The) Common Stock,$37.24,0.78,2.139%,14468660498.00,United States,,3235168,Consumer Discretionary,Advertising
IQV,IQVIA Holdings Inc. Common Stock,$198.89,3.94,2.021%,36938372091.00,United States,2013,972395,Health Care,Managed Health Care
IR,Ingersoll Rand Inc. Common Stock,$58.18,0.85,1.483%,23569748368.00,United States,2017,2175857,Industrials,Industrial Machinery/Components
IRM,Iron Mountain Incorporated (Delaware)Common Stock REIT,$52.91,1.12,2.163%,15381679698.00,United States,,1506285,Real Estate,Real Estate Investment Trusts
IT,Gartner Inc. Common Stock,$325.77,6.07,1.899%,25755570033.00,United States,1993,396794,Finance,Diversified Commercial Services
ITUB,Itau Unibanco Banco Holding SA American Depositary Shares (Each repstg 500 Preferred shares),$4.87,0.07,1.458%,47730220634.00,Brazil,,71057525,Finance,Major Banks
ITW,Illinois Tool Works Inc. Common Stock,$243.45,3.57,1.488%,74268838926.00,United States,,1043094,Industrials,Industrial Machinery/Components
IX,Orix Corp Ads Common Stock,$82.08,0.49,0.601%,18873130628.00,Japan,,35104,Finance,Diversified Financial Services
J,Jacobs Solutions Inc. Common Stock,$117.51,1.35,1.162%,14890176946.00,,2022,394150,Industrials,Oilfield Services/Equipment
JBL,Jabil Inc. Common Stock,$88.16,1.42,1.637%,11749529642.00,United States,1993,1332122,Technology,Electrical Products
JCI,Johnson Controls International plc Ordinary Share,$60.22,0.78,1.312%,41381593831.00,Switzerland,,4017198,Consumer Discretionary,Auto Parts:O.E.M.
JNJ,Johnson & Johnson Common Stock,$155.00,1.57,1.023%,403664376965.00,United States,,9887962,Health Care,Biotechnology: Pharmaceutical Preparations
JNPR,Juniper Networks Inc. Common Stock,$34.42,0.38,1.116%,11150695937.00,United States,1999,2590442,Technology,Computer peripheral equipment
JPM,JP Morgan Chase & Co. Common Stock,$130.31,1.56,1.212%,382368633000.00,United States,,13101276,Finance,Major Banks
K,Kellogg Company Common Stock,$66.96,0.30,0.45%,22900320000.00,United States,,1932953,Consumer Staples,Packaged Foods
KB,KB Financial Group Inc,$36.42,0.01,0.027%,14190482481.00,South Korea,,279742,Finance,Commercial Banks
KEY,KeyCorp Common Stock,$12.52,0.14,1.131%,11685229000.00,United States,,13579172,Finance,Major Banks
KEYS,Keysight Technologies Inc. Common Stock,$161.48,3.41,2.157%,28799004299.00,United States,2014,932247,Industrials,Industrial Machinery/Components
KIM,Kimco Realty Corporation (HC) Common Stock,$19.53,0.72,3.828%,12078984024.00,United States,,6316839,Real Estate,Real Estate Investment Trusts
KKR,KKR & Co. Inc. Common Stock,$52.52,1.17,2.278%,45225522305.00,United States,,2007223,Finance,Investment Managers
KMB,Kimberly-Clark Corporation Common Stock,$134.22,1.21,0.91%,45300236383.00,United States,,1660416,Consumer Discretionary,Paper
KMI,Kinder Morgan Inc. Common Stock,$17.51,0.21,1.214%,39362536452.00,United States,2011,12084109,Utilities,Natural Gas Distribution
KMX,CarMax Inc,$64.28,3.18,5.205%,10157750516.00,United States,,2080390,Consumer Discretionary,Other Specialty Stores
KO,Coca-Cola Company (The) Common Stock,$62.03,0.18,0.291%,268465840000.00,United States,,14439197,Consumer Staples,Beverages (Production/Distribution)
KOF,Coca Cola Femsa S.A.B. de C.V.  American Depositary Shares each representing 10 Units (each Unit consists of 3 Series B Shares and 5 Series L Shares),$80.47,0.44,0.55%,16905397196.00,Mexico,1993,293159,Consumer Staples,Beverages (Production/Distribution)
KR,Kroger Company (The) Common Stock,$49.37,0.31,0.632%,35340125969.00,United States,,4808245,Consumer Staples,Food Chains
L,Loews Corporation Common Stock,$58.02,0.72,1.257%,13634564987.00,United States,,1295918,Finance,Property-Casualty Insurers
LDOS,Leidos Holdings Inc. Common Stock,$92.06,0.47,0.513%,12606482176.00,United States,,1116152,Technology,EDP Services
LEN,Lennar Corporation Class A Common Stock,$105.11,2.56,2.496%,30450410621.00,United States,,1958952,Real Estate,Building operators
LH,Laboratory Corporation of America Holdings Common Stock,$229.42,4.72,2.101%,20234844000.00,United States,,606671,Health Care,Medical Specialities
LHX,L3Harris Technologies Inc. Common Stock,$196.24,1.52,0.781%,37364644491.00,United States,,976980,Industrials,Industrial Machinery/Components
LIN,Linde plc Ordinary Shares,$355.44,3.90,1.109%,175075789070.00,,2023,1513465,Industrials,Major Chemicals
LLY,Eli Lilly and Company Common Stock,$343.42,2.73,0.801%,326310094418.00,United States,,2932840,Health Care,Biotechnology: Pharmaceutical Preparations
LMT,Lockheed Martin Corporation Common Stock,$472.73,-0.45,-0.095%,120686691684.00,United States,,1409645,Industrials,Aerospace
LOW,Lowe's Companies Inc. Common Stock,$199.97,7.32,3.80%,120922373923.00,United States,,3150239,Consumer Discretionary,RETAIL: Building Materials
LSI,Life Storage Inc. Common Stock,$131.09,2.87,2.238%,11142329616.00,United States,,876111,Real Estate,Real Estate Investment Trusts
LUV,Southwest Airlines Company Common Stock,$32.54,0.72,2.263%,19338085216.00,United States,,5192200,Consumer Discretionary,Air Freight/Delivery Services
LVS,Las Vegas Sands Corp. Common Stock,$57.45,1.91,3.439%,43907505164.00,United States,2004,4272271,Consumer Discretionary,Hotels/Resorts
LW,Lamb Weston Holdings Inc. Common Stock ,$104.52,1.66,1.614%,15037354067.00,,2016,1448551,Consumer Staples,Specialty Foods
LYB,LyondellBasell Industries NV Ordinary Shares Class A (Netherlands),$93.89,0.99,1.066%,30572878014.00,Netherlands,,2010282,Industrials,Industrial Specialties
LYG,Lloyds Banking Group Plc American Depositary Shares,$2.32,-0.04,-1.695%,39095937235.00,United Kingdom,,5847545,Finance,Commercial Banks
LYV,Live Nation Entertainment Inc. Common Stock,$70.00,0.80,1.156%,16161591530.00,United States,,1412355,Consumer Discretionary,Movies/Entertainment
MA,Mastercard Incorporated Common Stock,$363.41,4.15,1.155%,346417869281.00,United States,2006,3376557,Consumer Discretionary,Business Services
MAA,Mid-America Apartment Communities Inc. Common Stock,$151.04,2.56,1.724%,17611085924.00,United States,1994,773690,Real Estate,Real Estate Investment Trusts
MAS,Masco Corporation Common Stock,$49.72,1.29,2.664%,11197099077.00,United States,,1957879,Industrials,Building Products
MCD,McDonald's Corporation Common Stock,$279.61,1.82,0.655%,204793044442.00,United States,,2902133,Consumer Discretionary,Restaurants
MCK,McKesson Corporation Common Stock,$356.05,-1.73,-0.484%,48757211773.00,United States,,840312,Health Care,Other Pharmaceuticals
MCO,Moody's Corporation Common Stock,$306.02,5.08,1.688%,56062864000.00,United States,,641502,Finance,Advertising
MDT,Medtronic plc. Ordinary Shares,$80.62,1.44,1.819%,107254936258.00,United States,,5561023,Health Care,Biotechnology: Electromedical & Electrotherapeutic Apparatus
MET,MetLife Inc. Common Stock,$57.94,0.89,1.56%,45141054000.00,United States,2000,6142923,Finance,Life Insurance
MFC,Manulife Financial Corporation Common Stock,$18.36,0.19,1.046%,34116824921.00,Canada,,2170575,Consumer Discretionary,Advertising
MFG,Mizuho Financial Group Inc. Sponosred ADR (Japan),$2.82,0.01,0.356%,35733307660.00,Japan,,645012,Finance,Major Banks
MGA,Magna International Inc. Common Stock,$53.57,1.55,2.98%,15317367383.00,Canada,,669855,Consumer Discretionary,Auto Parts:O.E.M.
MGM,MGM Resorts International Common Stock,$44.42,1.09,2.516%,16839067816.00,United States,,3748402,Consumer Discretionary,Hotels/Resorts
MKC,McCormick & Company Incorporated Common Stock,$83.21,2.20,2.716%,22308893234.00,United States,,2106782,Consumer Staples,Farming/Seeds/Milling
MKL,Markel Corporation Common Stock,$1277.41,14.67,1.162%,17128292500.00,United States,1986,32114,Finance,Property-Casualty Insurers
MLM,Martin Marietta Materials Inc. Common Stock,$355.06,4.56,1.301%,22045921812.00,United States,1994,305783,Industrials,Building Materials
MMC,Marsh & McLennan Companies Inc. Common Stock,$166.55,1.67,1.013%,82370875164.00,United States,,1656502,Finance,Specialty Insurers
MMM,3M Company Common Stock,$105.11,2.33,2.267%,57863055000.00,United States,,3609563,Industrials,Consumer Electronics/Appliances
MMP,Magellan Midstream Partners L.P. Limited Partnership,$54.26,-0.08,-0.147%,11119831538.00,United States,,1075911,Energy,Oil & Gas Production
MO,Altria Group Inc.,$44.62,0.12,0.27%,79670532524.00,United States,,7709957,Health Care, Medicinal Chemicals and Botanical Products 
MOH,Molina Healthcare Inc Common Stock,$267.49,1.46,0.549%,15487671000.00,United States,2003,374529,Health Care,Medical Specialities
MOS,Mosaic Company (The) Common Stock,$45.88,0.62,1.37%,15621269840.00,United States,,3594612,Industrials,Agricultural Chemicals
MPC,Marathon Petroleum Corporation Common Stock,$134.83,0.89,0.664%,61212820000.00,United States,,3143291,Energy,Integrated oil Companies
MPLX,MPLX LP Common Units Representing Limited Partner Interests,$34.45,-0.04,-0.116%,34561718215.00,United States,2012,1665363,Energy,Oil & Gas Production
MRK,Merck & Company Inc. Common Stock (new),$106.39,0.47,0.444%,269740777674.00,United States,,7183902,Health Care,Biotechnology: Pharmaceutical Preparations
MRO,Marathon Oil Corporation Common Stock,$23.96,0.25,1.054%,15086514728.00,United States,,9419300,Energy,Oil & Gas Production
MS,Morgan Stanley Common Stock,$87.80,1.69,1.963%,147065000000.00,United States,,6140539,Finance,Investment Bankers/Brokers/Service
MSCI,MSCI Inc Common Stock,$559.69,10.97,1.999%,44752806243.00,United States,,347071,Finance,Advertising
MSI,Motorola Solutions Inc. Common Stock,$286.13,4.48,1.591%,47855262815.00,United States,,730600,Technology,Radio And Television Broadcasting And Communications Equipment
MT,Arcelor Mittal NY Registry Shares NEW,$30.12,0.12,0.40%,24246600000.00,Luxembourg,,1781588,Industrials,Steel/Iron Ore
MTB,M&T Bank Corporation Common Stock,$119.57,-0.02,-0.017%,20241407450.00,United States,,2082604,Finance,Major Banks
MTD,Mettler-Toledo International Inc. Common Stock,$1530.21,30.47,2.032%,33827090047.00,Switzerland,1997,84918,Health Care,Medical Specialities
MUFG,Mitsubishi UFJ Financial Group Inc. Common Stock,$6.39,0.14,2.24%,77565569652.00,Japan,,3655011,Finance,Commercial Banks
NEE,NextEra Energy Inc. Common Stock,$77.08,0.49,0.64%,153196138186.00,United States,,10124021,Utilities,Electric Utilities: Central
NEM,Newmont Corporation,$49.02,0.18,0.369%,38909072594.00,United States,,5831795,Basic Materials,Precious Metals
NET,Cloudflare Inc. Class A Common Stock,$61.66,2.75,4.668%,20353102760.00,United States,2019,4139687,Technology,EDP Services
NGG,National Grid Transco PLC National Grid PLC (NEW) American Depositary Shares,$67.99,0.58,0.86%,49991002269.00,United Kingdom,,305741,Utilities,Natural Gas Distribution
NI,NiSource Inc Common Stock,$27.96,0.12,0.431%,11355516202.00,United States,,4280962,Utilities,Power Generation
NIO,NIO Inc. American depositary shares each  representing one Class A ordinary share,$10.51,0.05,0.478%,17557308504.00,,2018,35790935,Finance,Finance Companies
NKE,Nike Inc. Common Stock,$122.64,2.54,2.115%,190161044235.00,United States,,5658602,Consumer Discretionary,Shoe Manufacturing
NMR,Nomura Holdings Inc ADR American Depositary Shares,$3.80,0.04,1.064%,11408745328.00,Japan,,595176,Finance,Investment Bankers/Brokers/Service
NOC,Northrop Grumman Corporation Common Stock,$461.72,0.74,0.161%,70667802458.00,United States,,640594,Technology,Security Systems Services
NOK,Nokia Corporation Sponsored American Depositary Shares,$4.91,0.07,1.446%,27440592044.00,Finland,1994,9964619,Technology,Radio And Television Broadcasting And Communications Equipment
NOW,ServiceNow Inc. Common Stock,$464.72,25.09,5.707%,94338160000.00,United States,2012,2453885,Technology,Computer Software: Prepackaged Software
NSC,Norfolk Southern Corporation Common Stock,$212.00,3.16,1.513%,48289826824.00,United States,,1451674,Industrials,Railroads
NTR,Nutrien Ltd. Common Shares,$73.85,1.17,1.61%,37460124854.00,,2018,1470876,Industrials,Aerospace
NU,Nu Holdings Ltd. Class A Ordinary Shares,$4.76,-0.05,-1.04%,22303284364.00,Cayman Islands,2021,17232297,Finance,Finance: Consumer Services
NUE,Nucor Corporation Common Stock,$154.47,3.11,2.055%,39080910000.00,United States,,1791574,Industrials,Steel/Iron Ore
NVO,Novo Nordisk A/S Common Stock,$159.14,1.05,0.664%,358352980062.00,Denmark,,1142893,Health Care,Biotechnology: Pharmaceutical Preparations
NVR,NVR Inc. Common Stock,$5572.19,155.08,2.863%,18105967716.00,United States,1998,21579,Consumer Discretionary,Homebuilding
NVS,Novartis AG Common Stock,$92.00,0.42,0.459%,195004033244.00,Switzerland,,1690380,Health Care,Biotechnology: Pharmaceutical Preparations
NWG,NatWest Group plc American Depositary Shares (each representing two (2) Ordinary Shares),$6.60,0.00,0.00%,31915729718.00,United Kingdom,2022,1060147,Finance,Commercial Banks
O,Realty Income Corporation Common Stock,$63.32,0.71,1.134%,41807274479.00,United States,,4141459,Real Estate,Real Estate Investment Trusts
OKE,ONEOK Inc. Common Stock,$63.54,1.01,1.615%,28399447121.00,United States,,2112667,Utilities,Oil & Gas Production
OMC,Omnicom Group Inc. Common Stock,$94.34,1.60,1.725%,19123976307.00,United States,,1673894,Consumer Discretionary,Advertising
ORAN,Orange,$11.93,0.06,0.505%,31714730468.00,France,,329311,Telecommunications,Telecommunications Equipment
ORCL,Oracle Corporation Common Stock,$92.92,2.41,2.663%,250535828760.00,United States,1986,10475263,Technology,Computer Software: Prepackaged Software
OTIS,Otis Worldwide Corporation Common Stock ,$84.40,1.27,1.528%,35014982508.00,,2020,2608855,,
OXY,Occidental Petroleum Corporation Common Stock,$62.43,0.11,0.177%,56743510322.00,United States,,9606745,Energy,Oil & Gas Production
PAG,Penske Automotive Group Inc. Common Stock,$141.81,2.42,1.736%,10111543095.00,United States,,202298,Consumer Discretionary,Other Specialty Stores
PAYC,Paycom Software Inc. Common Stock,$304.01,7.72,2.606%,18338210619.00,,2014,533076,Technology,Computer Software: Prepackaged Software
PBA,Pembina Pipeline Corp. Ordinary Shares (Canada),$32.40,0.26,0.809%,17870673600.00,Canada,,580171,Energy,Oil & Gas Production
PBR,Petroleo Brasileiro S.A.- Petrobras Common Stock,$10.43,-0.10,-0.95%,68025509571.00,Brazil,,21162000,Energy,Oil & Gas Production
PCG,Pacific Gas & Electric Co. Common Stock,$16.17,0.28,1.762%,34324060374.00,United States,,27983844,Utilities,Power Generation
PEAK,Healthpeak Properties Inc. Common Stock,$21.97,0.28,1.291%,12012811723.00,United States,,7372936,Real Estate,Real Estate Investment Trusts
PEG,Public Service Enterprise Group Incorporated Common Stock,$62.45,0.58,0.937%,31159411513.00,United States,,3131598,Utilities,Power Generation
PEN,Penumbra Inc. Common Stock,$278.69,1.60,0.577%,10584229280.00,,2015,369110,Health Care,Medical/Dental Instruments
PFE,Pfizer Inc. Common Stock,$40.80,0.42,1.04%,229023233110.00,United States,,23382541,Health Care,Biotechnology: Pharmaceutical Preparations
PG,Procter & Gamble Company (The) Common Stock,$148.69,1.24,0.841%,350781135634.00,United States,,7685310,Consumer Discretionary,Package Goods/Cosmetics
PGR,Progressive Corporation (The) Common Stock,$143.06,-0.73,-0.508%,83675794000.00,United States,,2344477,Finance,Property-Casualty Insurers
PH,Parker-Hannifin Corporation Common Stock,$336.11,-0.46,-0.137%,43111495343.00,United States,,1032922,Industrials,Office Equipment/Supplies/Services
PHG,Koninklijke Philips N.V. NY Registry Shares,$18.35,0.44,2.457%,16175167670.00,Netherlands,,1585160,Health Care,Biotechnology: Electromedical & Electrotherapeutic Apparatus
PHM,PulteGroup Inc. Common Stock,$58.28,1.50,2.642%,13147780338.00,United States,,2728735,,
PINS,Pinterest Inc. Class A Common Stock,$27.27,0.93,3.531%,18649074988.00,,2019,6173050,Technology,Interactive Media
PKG,Packaging Corporation of America Common Stock,$138.83,1.25,0.909%,12846561858.00,United States,2000,572112,Basic Materials,Paper
PKI,PerkinElmer Inc. Common Stock,$133.26,2.26,1.725%,16832859499.00,United States,,679168,Health Care,Medical Specialities
PKX,POSCO Holdings Inc. American Depositary Shares (Each representing 1/4th of a share of Common Stock),$69.69,3.98,6.057%,21134189400.00,South Korea,1994,412366,Industrials,Steel/Iron Ore
PLD,Prologis Inc. Common Stock,$124.77,2.85,2.338%,115216236330.00,United States,,5304965,Real Estate,Real Estate Investment Trusts
PLTR,Palantir Technologies Inc. Class A Common Stock,$8.45,0.30,3.681%,17577647285.00,,2020,26119392,Technology,Retail: Computer Software & Peripheral Equipment
PM,Philip Morris International Inc Common Stock,$97.25,0.63,0.652%,150760149039.00,United States,,3887248,Health Care, Medicinal Chemicals and Botanical Products 
PNC,PNC Financial Services Group Inc. (The) Common Stock,$127.10,0.07,0.055%,50967100000.00,United States,,3599585,Finance,Major Banks
PPG,PPG Industries Inc. Common Stock,$133.58,3.75,2.888%,31415343465.00,United States,,1497778,Consumer Discretionary,Paints/Coatings
PPL,PPL Corporation Common Stock,$27.79,0.24,0.871%,20472277563.00,United States,,4419749,Utilities,Electric Utilities: Central
PRU,Prudential Financial Inc. Common Stock,$82.74,0.99,1.211%,30282840000.00,United States,2001,2493793,Finance,Life Insurance
PSA,Public Storage Common Stock,$302.14,7.50,2.545%,53067382550.00,United States,,1175322,Real Estate,Real Estate Investment Trusts
PSX,Phillips 66 Common Stock,$101.38,1.39,1.39%,47243080000.00,United States,,3920543,Energy,Integrated oil Companies
PUK,Prudential Public Limited Company Common Stock,$27.34,-0.11,-0.401%,37587982256.00,United Kingdom,,333785,Finance,Life Insurance
PWR,Quanta Services Inc. Common Stock,$166.64,0.12,0.072%,23813048636.00,United States,,919144,Industrials,Engineering & Construction
PXD,Pioneer Natural Resources Company Common Stock,$204.24,2.18,1.079%,48527165228.00,United States,,1888107,Energy,Oil & Gas Production
QGEN,Qiagen N.V. Common Shares ,$45.93,0.30,0.657%,10458995880.00,Netherlands,,1356520,Health Care,Biotechnology: Biological Products (No Diagnostic Substances)
QSR,Restaurant Brands International Inc. Common Shares,$67.14,1.92,2.944%,20621543153.00,Canada,2014,2447659,,
RACE,Ferrari N.V. Common Shares,$270.94,2.04,0.759%,49424011314.00,,2015,237298,Consumer Discretionary,Auto Manufacturing
RBLX,Roblox Corporation Class A Common Stock,$44.98,1.87,4.338%,27198250104.00,United States,2021,7957406,Technology,EDP Services
RCI,Rogers Communication Inc. Common Stock,$46.36,-1.32,-2.768%,23408337696.00,Canada,,740580,,
RCL,D/B/A Royal Caribbean Cruises Ltd. Common Stock,$65.30,0.58,0.896%,16667088220.00,United States,1993,2325730,Consumer Discretionary,Hotels/Resorts
RE,Everest Re Group Ltd. Common Stock,$358.02,1.91,0.536%,14034384000.00,Bermuda,,251323,Finance,Property-Casualty Insurers
RELX,RELX PLC PLC American Depositary Shares (Each representing One Ordinary Share),$32.44,0.13,0.402%,61928092290.00,United Kingdom,2015,443146,Consumer Discretionary,Publishing
REXR,Rexford Industrial Realty Inc. Common Stock,$59.65,1.57,2.703%,11735174689.00,United States,2013,1367942,Real Estate,Real Estate Investment Trusts
RF,Regions Financial Corporation Common Stock,$18.56,0.23,1.255%,17343310447.00,United States,,12738315,Finance,Major Banks
RIO,Rio Tinto Plc Common Stock,$68.60,0.49,0.719%,111197639087.00,Australia,2002,4221744,Basic Materials,Metal Mining
RJF,Raymond James Financial Inc. Common Stock,$93.27,1.08,1.171%,20085837296.00,United States,,1313383,Finance,Investment Bankers/Brokers/Service
RMD,ResMed Inc. Common Stock,$218.99,3.04,1.408%,32171692353.00,United States,,512222,Health Care,Medical/Dental Instruments
ROK,Rockwell Automation Inc. Common Stock,$293.45,5.92,2.059%,33682909072.00,United States,,594761,Industrials,Industrial Machinery/Components
ROL,Rollins Inc. Common Stock,$37.53,0.33,0.887%,18475270389.00,United States,,2496793,Consumer Discretionary,Industrial Specialties
ROP,Roper Technologies Inc. Common Stock,$440.69,3.69,0.844%,46736079677.00,United States,1992,957008,Technology,Computer Software: Prepackaged Software
RPM,RPM International Inc. Common Stock,$87.24,2.19,2.575%,11261815002.00,United States,,727600,Consumer Discretionary,Paints/Coatings
RS,Reliance Steel & Aluminum Co. Common Stock (DE),$256.74,5.84,2.328%,15092974380.00,United States,1994,544189,Industrials,Steel/Iron Ore
RSG,Republic Services Inc. Common Stock,$135.22,0.37,0.274%,42729646566.00,United States,1998,1146626,Utilities,Environmental Services
RTO,Rentokil Initial plc American Depositary Shares (each representing five (5) Ordinary Shares),$36.51,0.71,1.983%,18401331240.00,,2022,271254,Consumer Discretionary,Business Services
RTX,Raytheon Technologies Corporation Common Stock,$97.93,0.56,0.575%,143463002411.00,United States,,4652289,Industrials,Military/Government/Technical
RY,Royal Bank Of Canada Common Stock,$95.58,0.63,0.664%,132174382651.00,Canada,,591655,,
SAN,Banco Santander S.A. Sponsored ADR (Spain),$3.69,-0.02,-0.539%,61838921346.00,Spain,,2542059,Finance,Commercial Banks
SAP,SAP  SE ADS,$126.55,0.48,0.381%,148012880000.00,Germany,,668202,Technology,EDP Services
SCCO,Southern Copper Corporation Common Stock,$76.25,0.48,0.633%,58948758261.00,United States,,752240,Basic Materials,Metal Mining
SCHW,Charles Schwab Corporation (The) Common Stock,$52.38,-0.09,-0.172%,97779808305.00,United States,,43810082,Finance,Investment Bankers/Brokers/Service
SCI,Service Corporation International Common Stock,$68.78,0.88,1.296%,10526694745.00,United States,,1001984,Consumer Discretionary,Other Consumer Services
SE,Sea Limited American Depositary Shares each representing one Class A Ordinary Share,$86.55,-0.07,-0.081%,48618420438.00,United States,2017,3159489,Technology,Computer Software: Prepackaged Software
SHEL,Royal Dutch Shell PLC American Depositary Shares (each representing two (2) Ordinary Shares) ,$57.54,-0.40,-0.69%,199636551991.00,Netherlands,2022,5166410,Energy,Oil & Gas Production
SHG,Shinhan Financial Group Co Ltd American Depositary Shares,$26.94,-0.10,-0.37%,13706493248.00,South Korea,,206763,Finance,Major Banks
SHOP,Shopify Inc. Class A Subordinate Voting Shares,$47.94,1.43,3.075%,61200370208.00,Canada,2015,13491897,,
SHW,Sherwin-Williams Company (The) Common Stock,$224.77,7.75,3.571%,58247665614.00,United States,,1484477,Consumer Discretionary,Paints/Coatings
SJM,J.M. Smucker Company (The) New Common Stock,$157.37,-0.17,-0.108%,16781781161.00,United States,,994623,Consumer Staples,Packaged Foods
SJR,Shaw Communications Inc. Common Stock,$29.91,0.98,3.387%,14947127060.00,Canada,,5120886,,
SLB,Schlumberger N.V. Common Stock,$49.10,0.36,0.739%,69731254957.00,France,,8152639,Energy,Oilfield Services/Equipment
SLF,Sun Life Financial Inc. Common Stock,$46.70,0.47,1.017%,27384743356.00,Canada,,411425,Consumer Discretionary,Advertising
SMFG,Sumitomo Mitsui Financial Group Inc Unsponsored American Depositary Shares (Japan),$8.00,0.13,1.652%,54217479760.00,Japan,,1780625,Finance,Commercial Banks
SNA,Snap-On Incorporated Common Stock,$246.89,4.98,2.059%,13113427795.00,United States,,274970,Consumer Discretionary,Diversified Manufacture
SNAP,Snap Inc. Class A Common Stock,$11.21,0.30,2.75%,17726767043.00,United States,2017,22209730,Technology,Internet and Information Services
SNN,Smith & Nephew SNATS Inc. Common Stock,$27.91,0.53,1.936%,12187645329.00,United Kingdom,,1319146,Health Care,Industrial Specialties
SNOW,Snowflake Inc. Class A Common Stock,$154.29,12.18,8.571%,49619664000.00,United States,2020,8598223,Technology,Computer Software: Prepackaged Software
SO,Southern Company (The) Common Stock,$69.58,0.52,0.753%,75766213004.00,United States,,5195207,Utilities,Power Generation
SONY,Sony Group Corporation American Depositary Shares ,$90.65,1.34,1.50%,111924678505.00,Japan,,1221468,Consumer Staples,Consumer Electronics/Appliances
SPG,Simon Property Group Inc. Common Stock,$111.97,4.41,4.10%,36609015978.00,United States,,3298508,Real Estate,Real Estate Investment Trusts
SPGI,S&P Global Inc. Common Stock,$344.77,3.50,1.026%,113498284000.00,United States,,1732796,Finance,Advertising
SPOT,Spotify Technology S.A. Ordinary Shares,$133.62,2.79,2.133%,25844546431.00,Luxembourg,2018,1572435,Consumer Discretionary,Broadcasting
SQ,Block Inc. Class A Common Stock,$68.65,0.16,0.234%,41057580878.00,United States,2015,17778266,Technology,Computer Software: Prepackaged Software
SQM,Sociedad Quimica y Minera S.A. Common Stock,$81.06,-0.34,-0.418%,23153800716.00,Chile,1993,1164727,Industrials,Agricultural Chemicals
SRE,DBA Sempra Common Stock,$151.16,1.60,1.07%,47514631151.00,United States,,1322176,Utilities,Oil/Gas Transmission
STE,STERIS plc (Ireland) Ordinary Shares,$191.28,2.48,1.314%,18991128257.00,United States,,405431,Health Care,Industrial Specialties
STLA,Stellantis N.V. Common Shares,$18.19,0.18,0.999%,58451240846.00,United Kingdom,2014,3713031,Consumer Discretionary,Auto Manufacturing
STM,STMicroelectronics N.V. Common Stock,$53.49,0.39,0.734%,48288481184.00,Switzerland,,2589111,Technology,Semiconductors
STT,State Street Corporation Common Stock,$75.69,0.69,0.92%,26073586067.00,United States,,1679392,Finance,Investment Managers
STZ,Constellation Brands Inc. Common Stock,$225.89,0.98,0.436%,41676302690.00,United States,,1244268,Consumer Staples,Beverages (Production/Distribution)
SU,Suncor Energy  Inc. Common Stock,$31.05,0.04,0.129%,41296709898.00,Canada,,2934235,,
SUI,Sun Communities Inc. Common Stock,$140.88,1.51,1.083%,17453655602.00,United States,1993,892086,Real Estate,Real Estate Investment Trusts
SUZ,Suzano S.A. American Depositary Shares (each representing One Ordinary Share),$8.21,-0.21,-2.494%,10747855619.00,,2018,2558704,Basic Materials,Paper
SWK,Stanley Black & Decker Inc. Common Stock,$80.58,2.82,3.627%,11921149116.00,United States,,1427664,Consumer Discretionary,Diversified Manufacture
SYF,Synchrony Financial Common Stock,$29.08,0.53,1.856%,12708982453.00,United States,2014,5427447,Finance,Diversified Financial Services
SYK,Stryker Corporation Common Stock,$285.47,4.76,1.696%,108144956652.00,United States,,1881350,Health Care,Medical/Dental Instruments
SYY,Sysco Corporation Common Stock,$77.23,0.29,0.377%,39202258387.00,United States,,2802148,Consumer Discretionary,Food Distributors
T,AT&T Inc.,$19.25,0.17,0.891%,137250003718.00,United States,,27119894,Consumer Discretionary,Telecommunications Equipment
TAK,Takeda Pharmaceutical Company Limited American Depositary Shares (each representing 1/2 of a share of Common Stock),$16.48,0.13,0.795%,51435478328.00,,2018,1665397,Health Care,Biotechnology: Pharmaceutical Preparations
TAP,Molson Coors Beverage Company Class B Common Stock,$51.68,-0.01,-0.019%,11177343837.00,Canada,,1480580,Consumer Staples,Beverages (Production/Distribution)
TD,Toronto Dominion Bank (The) Common Stock,$59.90,0.47,0.791%,109058060461.00,Canada,,1619217,,
TDG,Transdigm Group Incorporated Common Stock,$737.05,2.18,0.297%,40241503071.00,United States,2006,290327,Industrials,Military/Government/Technical
TDY,Teledyne Technologies Incorporated Common Stock,$447.36,8.95,2.041%,20968252164.00,United States,,192012,Industrials,Industrial Machinery/Components
TECK,Teck Resources Ltd Ordinary Shares,$36.50,0.31,0.857%,18698323514.00,Canada,,3219975,,
TEF,Telefonica SA Common Stock,$4.28,-0.01,-0.233%,24718016731.00,Spain,1988,553999,Telecommunications,Telecommunications Equipment
TEL,TE Connectivity Ltd. New Switzerland Registered Shares,$131.15,2.01,1.556%,41503285188.00,Switzerland,,1361861,Technology,Industrial Machinery/Components
TFC,Truist Financial Corporation Common Stock,$34.10,0.25,0.739%,45244868900.00,United States,,12621718,Finance,Major Banks
TFII,TFI International Inc. Common Shares,$119.29,-0.16,-0.134%,10399673928.00,,,163338,,
TFX,Teleflex Incorporated Common Stock,$253.31,4.36,1.751%,11881869050.00,United States,,211872,Health Care,Medical/Dental Instruments
TGT,Target Corporation Common Stock,$165.63,5.36,3.344%,76241159875.00,United States,,3092572,Consumer Discretionary,Department/Specialty Retail Stores
TJX,TJX Companies Inc. (The) Common Stock,$78.36,1.45,1.885%,90545305116.00,United States,,5104444,Consumer Discretionary,Department/Specialty Retail Stores
TLK,PT Telekomunikasi Indonesia Tbk,$27.27,-0.16,-0.583%,27014266440.00,Indonesia,,178170,Telecommunications,Telecommunications Equipment
TM,Toyota Motor Corporation Common Stock,$141.69,2.07,1.483%,192924242100.00,Japan,,234985,Consumer Discretionary,Auto Manufacturing
TME,Tencent Music Entertainment Group American Depositary Shares each representing two Class A Ordinary Shares,$8.28,-0.20,-2.358%,14035238645.00,,2018,6763551,Consumer Discretionary,Broadcasting
TMO,Thermo Fisher Scientific Inc Common Stock,$576.37,13.40,2.38%,226049753188.00,United States,,1438704,Industrials,Biotechnology: Laboratory Analytical Instruments
TPL,Texas Pacific Land Corporation Common Stock,$1701.02,6.18,0.365%,13105501786.00,United States,,69557,Energy,Oil & Gas Production
TPR,Tapestry Inc. Common Stock,$43.11,1.04,2.472%,10177220582.00,United States,,2837078,Consumer Discretionary,Apparel
TRGP,Targa Resources Inc. Common Stock,$72.95,1.34,1.871%,16514084482.00,United States,2010,2256242,Utilities,Natural Gas Distribution
TRI,Thomson Reuters Corp Ordinary Shares,$130.12,0.93,0.72%,61689892000.00,United States,,342619,,
TRP,TC Energy Corporation Common Stock,$38.91,0.01,0.026%,38910000000.00,Canada,,1443804,,
TRU,TransUnion Common Stock,$62.14,0.62,1.008%,11986806000.00,United States,2015,1854815,Finance,Advertising
TRV,The Travelers Companies Inc. Common Stock,$171.41,0.59,0.345%,39783278992.00,United States,,1865723,Finance,Property-Casualty Insurers
TS,Tenaris S.A. American Depositary Shares,$28.42,0.00,0.00%,16775428354.00,Luxembourg,,1620890,Industrials,Steel/Iron Ore
TSM,Taiwan Semiconductor Manufacturing Company Ltd.,$93.02,0.55,0.595%,482401720000.00,Taiwan,1997,8699663,Technology,Semiconductors
TSN,Tyson Foods Inc. Common Stock,$59.32,1.00,1.715%,21095731769.00,United States,,2781470,Consumer Staples,Meat/Poultry/Fish
TT,Trane Technologies plc,$183.98,1.07,0.585%,42145167906.00,Ireland,,2119811,Industrials,Industrial Machinery/Components
TTC,Toro Company (The) Common Stock,$111.16,2.16,1.982%,11636009370.00,United States,,574381,Consumer Discretionary,Tools/Hardware
TTE,TotalEnergies SE,$59.05,-0.09,-0.152%,145353406377.00,France,,838130,Energy,Oil & Gas Production
TU,Telus Corporation Ordinary Shares,$19.86,-0.25,-1.243%,28558680000.00,Canada,,2055246,,
TWLO,Twilio Inc. Class A Common Stock,$66.63,3.26,5.144%,12282601119.00,United States,2016,3609220,Industrials,Industrial Machinery/Components
TXT,Textron Inc. Common Stock,$70.63,0.33,0.469%,14494455380.00,United States,,1036235,Industrials,Aerospace
TYL,Tyler Technologies Inc. Common Stock,$354.64,10.54,3.063%,14767173427.00,United States,,392720,Technology,Computer Software: Prepackaged Software
U,Unity Software Inc. Common Stock,$32.44,3.10,10.566%,13074593010.00,United States,2020,14210075,Technology,Retail: Computer Software & Peripheral Equipment
UBER,Uber Technologies Inc. Common Stock,$31.70,0.51,1.635%,63222712678.00,,2019,14819134,Technology,EDP Services
UBS,UBS Group AG Registered Ordinary Shares,$21.34,0.83,4.047%,66318888034.00,Switzerland,2014,6855581,Finance,Major Banks
UDR,UDR Inc. Common Stock,$41.06,1.18,2.959%,13515539864.00,United States,,3070305,Real Estate,Real Estate Investment Trusts
UHAL,U-Haul Holding Company Common Stock,$59.65,0.64,1.085%,11696045542.00,United States,2022,183777,Consumer Discretionary,Rental/Leasing Companies
UI,Ubiquiti Inc. Common Stock,$271.69,7.02,2.652%,16421351678.00,United States,,47013,Technology,Radio And Television Broadcasting And Communications Equipment
UL,Unilever PLC Common Stock,$51.93,-0.05,-0.096%,131491954142.00,United Kingdom,,1602084,Consumer Discretionary,Package Goods/Cosmetics
UMC,United Microelectronics Corporation (NEW) Common Stock,$8.76,0.07,0.806%,21867919969.00,Taiwan,,4167605,Technology,Semiconductors
UNH,UnitedHealth Group Incorporated Common Stock (DE),$472.59,2.53,0.538%,441564028409.00,United States,,3971222,Health Care,Medical Specialities
UNP,Union Pacific Corporation Common Stock,$201.26,2.90,1.462%,123145556156.00,United States,,3422576,Industrials,Railroads
UPS,United Parcel Service Inc. Common Stock,$193.99,2.90,1.518%,166587164262.00,United States,1999,2571157,Consumer Discretionary,Air Freight/Delivery Services
URI,United Rentals Inc. Common Stock,$395.76,9.56,2.475%,27449751734.00,United States,1997,877774,Consumer Discretionary,Diversified Commercial Services
USB,U.S. Bancorp Common Stock,$36.05,0.60,1.693%,55192550000.00,United States,,15537898,Finance,Major Banks
V,Visa Inc.,$225.46,3.10,1.394%,473868690499.00,United States,,9507212,Consumer Discretionary,Business Services
VALE,VALE S.A.  American Depositary Shares Each Representing one common share,$15.78,-0.16,-1.004%,72880476730.00,Brazil,,24057775,Basic Materials,Metal Mining
VEEV,Veeva Systems Inc. Class A Common Stock,$183.79,4.64,2.59%,28613981880.00,,2013,743177,Health Care,Managed Health Care
VICI,VICI Properties Inc. Common Stock,$32.62,0.81,2.546%,33728858934.00,,2018,8389784,Real Estate,Real Estate Investment Trusts
VIV,Telefonica Brasil S.A. American Depositary Shares (Each representing One Common Share),$7.57,-0.21,-2.699%,12593124454.00,Brazil,2020,1922194,Telecommunications,Telecommunications Equipment
VLO,Valero Energy Corporation Common Stock,$139.60,2.58,1.883%,53819049609.00,United States,,3330235,Energy,Integrated oil Companies
VMC,Vulcan Materials Company (Holding Company) Common Stock,$171.56,1.42,0.835%,22801501931.00,United States,,1537653,,
VMW,Vmware Inc. Common stock Class A,$124.85,0.85,0.685%,53114501521.00,United States,2007,992259,Technology,Computer Software: Prepackaged Software
VTR,Ventas Inc. Common Stock,$43.35,-1.11,-2.497%,17339721736.00,United States,,5746727,Real Estate,Real Estate Investment Trusts
WAB,Westinghouse Air Brake Technologies Corporation Common Stock,$101.06,1.84,1.854%,18226403438.00,United States,,800619,Industrials,Railroads
WAT,Waters Corporation Common Stock,$309.63,4.96,1.628%,18394367447.00,United States,1995,318536,Health Care,Medical Specialities
WCN,Waste Connections Inc. Common Shares,$139.07,1.05,0.761%,35771633240.00,Canada,,826081,Utilities,Power Generation
WDS,Woodside Energy Group Limited American Depositary Shares each representing one Ordinary Share,$22.43,-0.30,-1.32%,42588957364.00,,2022,295217,Energy,Oil & Gas Production
WEC,WEC Energy Group Inc. Common Stock,$94.79,0.34,0.36%,29900039193.00,United States,,1300379,Utilities,Power Generation
WELL,Welltower Inc. Common Stock,$71.69,0.74,1.043%,35164590210.00,United States,,3648447,Real Estate,Real Estate Investment Trusts
WES,Western Midstream Partners LP Common Units Representing Limited Partner Interests,$26.37,-0.07,-0.265%,10154295663.00,United States,2012,391630,Energy,Oilfield Services/Equipment
WFC,Wells Fargo & Company Common Stock,$37.38,0.00,0.00%,143307610416.00,United States,,30269185,Finance,Major Banks
WIT,Wipro Limited Common Stock,$4.49,0.09,2.045%,24590323817.00,India,,1448730,Technology,EDP Services
WLK,Westlake Corporation Common Stock,$115.98,2.31,2.032%,14791810732.00,United States,2004,465539,Industrials,Major Chemicals
WM,Waste Management Inc. Common Stock,$163.17,1.64,1.015%,66598188274.00,United States,,3115580,Utilities,Environmental Services
WMB,Williams Companies Inc. (The) Common Stock,$29.86,0.45,1.53%,36369480000.00,United States,,5821864,Utilities,Natural Gas Distribution
WMT,Walmart Inc. Common Stock,$147.45,1.78,1.222%,397643167962.00,United States,,6954444,Consumer Discretionary,Department/Specialty Retail Stores
WPC,W. P. Carey Inc. REIT,$77.45,0.35,0.454%,16312671654.00,United States,,2464463,Real Estate,Real Estate Investment Trusts
WPM,Wheaton Precious Metals Corp Common Shares (Canada),$48.16,0.01,0.021%,21766536154.00,Canada,,2106640,,
WPP,WPP plc American Depositary Shares,$59.52,0.20,0.337%,12748438095.00,Ireland,,68273,Consumer Discretionary,Advertising
WRB,W.R. Berkley Corporation Common Stock,$62.26,0.26,0.419%,16470633960.00,United States,,2116700,Finance,Property-Casualty Insurers
WSO,Watsco Inc. Common Stock,$318.16,2.91,0.923%,12324302711.00,United States,,238465,Consumer Discretionary,Wholesale Distributors
WST,West Pharmaceutical Services Inc. Common Stock,$346.47,5.60,1.643%,25650209006.00,United States,,431431,Health Care,Medical/Dental Instruments
WTRG,Essential Utilities Inc. Common Stock,$43.65,0.61,1.417%,11448995908.00,United States,,1246040,Utilities,Water Supply
WY,Weyerhaeuser Company Common Stock,$30.13,0.88,3.009%,22065615110.00,United States,,6330227,Real Estate,Real Estate Investment Trusts
XOM,Exxon Mobil Corporation Common Stock,$109.66,0.17,0.155%,447632120000.00,United States,,14416816,Energy,Oil & Gas Production
XYL,Xylem Inc. Common Stock New,$104.70,2.30,2.246%,18872784354.00,United States,2011,2059389,Industrials,Fluid Controls
YUM,Yum! Brands Inc.,$132.08,2.75,2.126%,36982400000.00,United States,,1705818,Consumer Discretionary,Restaurants
YUMC,Yum China Holdings Inc. Common Stock,$63.39,0.40,0.635%,26524384195.00,United States,2016,1268374,Consumer Discretionary,Restaurants
ZBH,Zimmer Biomet Holdings Inc. Common Stock,$129.20,2.44,1.925%,27140299291.00,United States,,1212585,Health Care,Industrial Specialties
ZTO,ZTO Express (Cayman) Inc. American Depositary Shares each representing one Class A ordinary share.,$28.66,0.23,0.809%,23206951105.00,China,2016,2994933,Consumer Discretionary,Advertising
ZTS,Zoetis Inc. Class A Common Stock,$166.44,2.29,1.395%,77126085011.00,United States,2013,1705003,Health Care,Biotechnology: Pharmaceutical Preparations
